{
    "posts": [
      {
        "id": "1",
        "image_url": "vids/1.mp4",
        "caption": "Retour en images sur la visite de l’Institut National de l’Energie Solaire (INES) organisée par Ingénieur.e Au Féminin pour les élèves du lycée Gaspard Monge ☀️🎓 Présentation des filières de Polytech Annecy-Chambéry👩🏻‍🔬 Présentation des métiers de la recherche à travers les parcours de :- Manon Girerd, ingénieure et doctorante;- Esther Machlein, ingénieure d'étude;- Monika Woloszyn, ingénieure, docteure et professeure d'université🔎 Visite du laboratoire pour découvrir les thèmes de recherches des chercheu.r.se.s du LOCIE.Merci au LOCIE pour son accueil ! 💫"
      },
      {
        "id": "2",
        "image_url": "imgs/1.heic",
        "caption": "Soirée Décontrac’t financée par la CVEC et organisée par le Service Vie Etudiante et IAF. Diffusion du film Une Femme d’Exception suivie d’un débat libre autour de la place des femmes dans des métiers d’hommes et l’égalité des genres. Synopsis du film: Jeune avocate idéaliste, Ruth Bader Ginsburg vient d’avoir un enfant et ne trouve aucun cabinet prêt à engager une femme… Lorsqu’elle accepte une affaire fiscale avec son mari Martin, elle comprend qu’il y a sans doute là l’occasion de faire évoluer sa carrière. Mais elle est surtout consciente de pouvoir changer le regard de la justice sur la discrimination fondée sur le sexe. Une femme d’exception retrace les jeunes années de celle que l’on surnomme Notorious RBG. Aujourd’hui âgée de 85 ans, elle siège à la Cour Suprême et est l’une des plus grandes figures progressistes des États-Unis. 📆Mardi 18 Février 🕕18h 📍Amphi H001 de l’IUT - Campus Annecy"
      },
      {
        "id": "3",
        "image_url": "imgs/2.heic",
        "caption": "- Veuillez Rendre à Cléopâtre 👩🏼‍🔬- Dans le cadre de la semaine Plus d'Égalité, IAF expose dans le hall de Polytech les portraits de femmes dont les recherches scientifiques ont été volées ou oubliées par l’Histoire. 📆Mardi 25 Février 🕕11h30-13h30 📍Hall d’entrée de Polytech Annecy"
      },      
      {
        "id": "4",
        "image_url": "imgs/3.jpg",
        "caption": "Viens rencontrer les membres de l’association IAF le jeudi 19 décembre 2024 au Charly’s Pub Chambéry à partir de 18h !☀️"
      },      
      {
        "id": "5",
        "image_url": "imgs/4.jpg",
        "caption": "✨ 04.12.24 ✨ Présentation pour @ellesbougent au lycée Saint Michel Par @julie__fbr et @emma_rcrg"
      },            
      {
        "id": "6",
        "image_url": "imgs/5.jpg",

        "caption": "CA-TS x IAF 🎤 Retour sur la conférence “La mixité des genres” organisée par IAF en collaboration avec le Crédit Agricole Technologies et Services. Plus de 40 lycéennes nous ont rejoints, sur le site de Polytech Annecy, le Jeudi 7 Novembre pour écouter les collaboratrices du CA-TS et en apprendre plus sur : 👩🏼‍💻La place des femmes dans le domaine de l’informatique 🫂L’importance de l’inclusivité et de la mixité en entreprise 👩🏽‍🏫La formation Informatique Données et Usages (IDU) présente à Polytech Annecy Merci aux organisatrices, enseignants ainsi qu’aux collaboratrices du Crédit Agricole Technologies et Services, membre du @le_club_des_entreprises"
      }, 
      {
        "id": "7",
        "image_url": "6.jpg",

        "caption": "Notre objectif ? Faire augmenter ces chiffres chaque année 🌼"
      },       
      {
        "id": "8",
        "image_url": "imgs/8.webp",
        "caption": "L’association IAF est fière de vous annoncer l’organisation de son premier Hackathon sur le site d’Annecy le 13 février 2025 ! 🎉 Le Hackathon a lieu sur toute la journée de 8h30 à 18h ! Au programme un petit déjeuner suivi de la présentation du sujet ! Vous aurez ensuite la journée pour travailler sur votre projet par équipe de 4 à 6 personnes ! En fin de journée, vous présenterez votre projet devant notre jury, avec de nombreux prix à gagner ! Ce Hackathon est l’occasion d’utiliser tes connaissances de développement web et pleins d’autres compétences informatiques ! 💻 L’événement est ouvert à tous les étudiants et étudiantes de l’USMB, aussi bien sur le site d’Annecy, de Jacob ou du Bourget-du-Lac ! Le transport et la restauration le jour même sont pris en charge par l’association IAF ! 🚍 Inscription via ce lien dans les storys à la une 🩷 Et que la meilleure équipe gagne ! Pour résumer : 📄 : Hackathon organisé par Ingénieur-e Au Féminin 🗓️️ : Le 13 Février 2025 🗺️ : Polytech Annecy-Chambéry, campus d’Annecy 🚍 : Transport compris pour les étudiants ne venant pas d’Annecy 🥗 : Restauration comprise le jour même 🏆 : Pleins de prix à gagner pour les meilleures équipes dont des cartes cadeaux à partir de 15€"
      },       {
        "id": "9",
        "image_url": "imgs/9.webp",
        "caption": "Conférence : La mixité des genres 💻 Nous avons le plaisir de vous inviter à une conférence inspirante sur le thème La mixité des genres. Rejoignez-nous pour une après-midi enrichissante où nous explorerons les défis, les opportunités et les succès des femmes dans le secteur technologique. Au programme : - Témoignages de femmes leaders dans la tech - Discussions sur les parcours professionnels et les obstacles rencontrés - Échanges sur les initiatives et les bonnes pratiques pour promouvoir la diversité et l'inclusion - Un goûter est prévu à la fin de la conférence 📅 Date : 7 novembre 2024 🕒 Heure : 14h00 - 16h00 📍 Lieu : Polytech Annecy, Amphi B014 Organisée par : Ingénieur-e Au Féminin et Crédit Agricole Technologies et Services membre du @le_club_des_entreprises Inscription dans la story à la une Conférence 😉"
      },       {
        "id": "10",
        "image_url": "imgs/10.webp",
        "caption": "[Femmes de science] Dernier portrait de femme de science ! 🩷 Aujourd'hui intéressons-nous à Mariama Djambony Badji, ingénieure en génie civil qui participe à l'autonomisation des femmes au Sénégal ! 🤩🩷 Portrait réalisé par Julie, vice-présidente de l'association ! Merci à tous les membres du bureau qui ont accepté de participer à ce concept ! 🩷"
      },       {
        "id": "11",
        "image_url": "imgs/11.webp",
        "caption": "[Femme de Science] Continuons les portraits de femmes de sciences, aujourd'hui intéressons nous à Edith Clarke, première femme ingénieure plus tard professeure de génie électrique à l'UT Austin 🩷⚡ Portrait réalisé par Juliette, co-respo conférence et intervention écoles !"
      },       {
        "id": "12",
        "image_url": "imgs/12.webp",
        "caption": "[Femme de Science] Nouveau portrait de femme de science ! Pour cela directement les États-Unis pour découvrir l'histoire de Katherine Goble Johnson, mathématicienne ayant travaillé sur la mission Apollo 11 ! 🇺🇲 Portrait fait par Carla Marie, co-respo conférence et intervention écoles ! 🩷"
      },       {
        "id": "13",
        "image_url": "imgs/13.webp",
        "caption": "[Retour en images] Retour en images sur nos dernières actions de mars et d'avril 🩷 À la fin mars, IAF a participé à une intervention au lycée Granier à Chambéry 🤩 Le 4 avril, IAF accueillait des lycéennes et lycéens du lycée Lachenal sur notre site d'Annecy pour une après-midi découverte de l'école et de ses spécialités ! 🩷 Merci au @le_flash_club pour les photos lors de l'accueil du lycée Lachenal 🩷"
      },       {
        "id": "14",
        "image_url": "imgs/14.webp",
        "caption": "[Femme de Science] Nouvelle semaine, nouveau portrait de femme de science ! Aujourd'hui découvrez, ou redécouvrez, Françoise Barré-Sinoussi ! Portrait fait par Cyprien, respo com de l'association Françoise Barré-Sinoussi est une immunologue et virologue française, elle a reçu le prix Nobel de médecine pour sa participation à la découverte du VIH 🩷🎗️"
      },       {
        "id": "15",
        "image_url": "imgs/15.webp",

        "caption": "[Femme de Science] Pour continuer avec nos portraits de femmes de sciences, intéressons nous à Anne L'Huillier, portrait fait par Emma, présidente de l'association. Anne L'Huillier est une physienne et la deuxième femme française à recevoir le prix Nobel de physique pour son travail sur les impulsions lasers. 🩷"
      },       {
        "id": "16",
        "image_url": "imgs/16.webp",
        "caption": "[Femme de Science] Pour continuer avec nos portraits de femmes de sciences, voici le choix d'Alyssa, secrétaire de l'association, qui a choisi de vous présenter Émilie du Châtelet, femme de lettres et physique française du 18ème siècle ! 🌍 Connaissais-tu le travail d'Émilie du Châtelet sur l'inclinaison de la terre ?"
      },       {
        "id": "17",
        "image_url": "imgs/17.webp",
        "caption": "[Journée des Femmes] Nous sommes le 8 mars : Journée internationale des Femmes ! 🩷 Cette journée est une journée qui permet de promouvoir l'égalité et la justice homme-femme. Cette journée est l'occasion pour tout le monde de se rassembler pour partager leurs revendications pour l'égalité, et de fêter les progrès et les acquis ! Cette année le thème de la journée des femmes est : Investir en faveur des femmes : accélérer le rythme ! 🤍🩷 Cette journée est aussi l'occasion de se retrouver individuellement ou collectivement et de se poser les questions Qu'est-ce que l'égalité ? et Comment puis-je faire à mon échelle pour améliorer l'égalité femme-homme? ! 🤔 Bonne Journée des femmes !"
      },       {
        "id": "18",
        "image_url": "imgs/18.webp",
        "caption": "[Femme de Science] Chaque semaine un membre du bureau présentera une femme de science d'hier ou d'aujourd'hui au parcours inspirant. 🩷 Pour commencer voici le choix de Louna, trésorière de l'association, qui présente Ada Lovelace, pionnière de l'informatique et de la programmation ! 👩🏻‍💻 Rendez-vous la semaine prochaine pour un nouveau portrait de femme de science !"
      },       {
        "id": "19",
        "image_url": "imgs/19.webp",
        "caption": "[Afterwork Chambéry] Envie de boire un verre dans un bar pour décompresser de la reprise ? Retrouvez-nous pour notre afterwork le vendredi 8 mars ! Rendez-vous de 18h30 à 21h pour profiter de notre vente de croque-monsieur autour d'un bon verre ! En cette journée des femmes, tous les profits faits pendant l'afterwork seront versés à l'association Toutes à l'école! 📚 Cette association propose une scolarisation aux petites filles les plus démunies en prenant en charge leur éducation, leur alimentation et leur suivi médical. Un soutien est aussi apporté aux familles ! ❤️ 🗺️ : Charly's Pub, 371 Rue de la République, Chambéry ⌛: de 18h30 à 21h"
      },       {
        "id": "20",
        "image_url": "imgs/20.webp",
        "caption": "Retour en images sur notre table ronde et l'accueil des lycées Louis Armand et l'Albanais sur le site de Polytech Chambéry 🩷 Cette journée placée sur le thème du partage a été l'occasion pour les lycéens et lycéennes de découvrir le métier d'ingénieur en visitant Polytech et en discutant avec élèves et professeurs de l'école ! Dans un second temps, la table ronde a été un moyen d'échanges enrichissants sur le rôle de la femme dans la construction et l'industrie par le biais des différents témoignages des intervenantes 🤍 Merci aux intervenants et intervenantes de leur participation 👏 Nous tenons à remercier @le_club_des_entreprises et @polytech.annecy.chambery pour nous avoir aider dans l'organisation de cette journée. Merci @le_flash_club pour avoir capturé ces moments de partages ! Et enfin merci à toutes les membres de l'association sur le site de Chambéry sans qui cette journée n'aurait pas pu avoir lieu 🩷"
      },       {
        "id": "21",
        "image_url": "imgs/21.webp",
        "caption": "[Concours Égalité du réseau Polytech] Les différentes affiches de cette deuxième édition du concours égalité du réseau Polytech ont été dévoilés ! 🩷 Vous pouvez voter pour soutenir votre affiche préférée de Polytech Annecy-Chambéry ! 🗳️ Pour ça rien de plus simple, vous avez juste à vous rendre sur le lien en bio et voter pour votre affiche préférée ! Votre soutien compte car l'affiche gagnante gagne un prix aussi bien à l'échelle d'Annecy-Chambéry et potentiellement au niveau national ! On compte sur vous ! 🩷🩷"
      },       {
        "id": "22",
        "image_url": "imgs/22.webp",
        "caption": "[Festival Plus d'Égalité] À l'occasion du Festival Plus d'Égalité de l'USMB, l'association IAF est heureuse de vous convier à une conférence sur le thème : La place de la femme dans l'industrie et la construction 🏭 La conférence aura lieu sur le site de Chambéry, avec la participation de différentes entreprises et étudiantes des secteurs de l'industrie et la construction. 🏗️ Cette conférence sera l'occasion pour vous de discuter avec des professionnels et de leur poser des questions. L'inscription à la conférence est accessible à toute l'université. Le lien d'inscription vous sera partagé prochainement. 😉 L'équipe IAF 🩷"
      },       {
        "id": "23",
        "image_url": "imgs/23.webp",
        "caption": "[Portes Ouvertes] Les portes ouvertes arrivent à grand pas ! Vous pourrez venir nous rencontrer sur l'un de nos stands aussi bien sur le site de Polytech Annecy que sur le site de Polytech Chambéry. En espérant vous y voir nombreux ! L'équipe IAF 🩷"
      },       {
        "id": "24",
        "image_url": "imgs/24.webp",
        "caption": "[Organigramme 2023-2024] Bonjour ! L'association IAF vous souhaite une bonne année et est heureuse de vous présenter le bureau pour l'année 2023-2024 ! Le bureau est réparti sur les deux sites de Polytech Annecy-Chambéry ! Sur le site d'Annecy : [Présidente] Emma Rechon-Reguet [Secrétaire] Alyssa Belleville [Trésorière] Louna Camas [Respo Com] Cyprien Guitton Sur le site de Chambéry : [Vice-Présidente] Julie Fabre [Respo Conférences/Interventions écoles ] Carla Marie Da Silva [Respo Conférences/Interventions écoles ] Juliette Lompret-Bryck La Poly'Bise L'équipe d'IAF"
      },       {
        "id": "25",
        "image_url": "imgs/25.webp",
        "caption": "[Recrutement] L'association IAF a pour but de promouvoir l'égalité homme femme dans le milieu de l'ingénierie pour cela IAF organise des interventions dans les lycées des alentours afin de discuter avec les élèves de collèges et lycées. Si vous voulez participer à ces interventions ou avez la moindre question n'hésitez pas à nous contacter pour plus d'informations 🩷 L'équipe d'IAF vous souhaite de bonnes fêtes de fin d'année ! 🗺️ : Les alentours d'Annecy et de Chambéry ⏳ : De janvier à la fin de l'année scolaire"
      },       {
        "id": "26",
        "image_url": "imgs/26.webp",
        "caption": "[Chambéry 🩷] On se retrouve aujourd'hui pour le dernier post concernant le nombre de filles par promotion à Chambéry, mais aussi le dernier post sur Polytech Annecy-Chambéry pour l'année 2023-2024. On s'intéresse aujourd'hui aux différentes spécialités de la ville de Chambéry. En cursus ingénieur sur Chambéry, les filles représentent 33,23% des étudiants. Les différentes spécialités à l'échelle de Chambéry sont EIT (Écologie Industrielle et Territoriale) et BAT (Bâtiment Ecoconstruction Énergie) sous statut étudiant et alternant MC (Matériaux Composites) L'équipe d'IAF espère que cette série de posts aura pu vous informer sur la proportion de filles à l'échelle de l'école. Prenez soin de ceux et celles qui vous entourent chaque jour. 🩷"
      },       {
        "id": "27",
        "image_url": "imgs/27.webp",
        "caption": "[Chambéry 🩷] Aujourd'hui on se retrouve pour continuer sur les statistiques à Polytech Annecy-Chambéry sur le site de Chambéry, nous nous intéressons au pourcentage de filles à l'échelle globale de la ville. Sur le site de Chambéry, les filles représentent 31,08% des étudiants de l'école ce qui est presque l'équivalent d'un étudiant sur trois qui est une fille. Cela inclut les spécialités EIT (Écologie Industrielle et Territoriale) et BAT (Bâtiment Ecoconstruction Énergie) ainsi que les élèves en Peip. PS: Le bon pourcentage est 31,08%, il a été recalculé après une erreur de calcul 🩷"
      },       {
        "id": "28",
        "image_url": "imgs/28.webp",
        "caption": "[Chambéry 🩷] Pour commencer les pourcentages de filles par promotion à Chambéry sur l'année 2023-2024, voici la proportion de filles par promotion en Peip. La proportion globale de filles en Peip à Chambéry est de 24,78%, la Peip est le parcours de prépa intégrée du réseau Polytech. En première année de Peip sur l'année 2023-2024, les filles représentent 27,86% de la promotion. En deuxième année, la proportion de filles est de 21,15% dans la promotion. On vous retrouve très bientôt pour les autres statistiques pour Chambéry. 🩷"
      },        {
        "id": "29",
        "image_url": "imgs/29.webp",
        "caption": "[Annecy 🩷] Pour finir avec les statistiques sur le site d'Annecy, l'IAF vous présente les données récoltées pour le cycle ingénieur de la troisième à la cinquième année. Vous pouvez alors retrouver les statistiques pour chaque spécialité pour chaque année. Les spécialités sont les suivantes : IDU (Informatique Données Usages), MM (Mécanique Mécatronique Matériaux) et SNI (Systèmes Numériques Instrumentation) PS : Certaines statistiques de certaines spécialités sont très faibles dues à des effectifs assez réduits. On se retrouve très bientôt pour les statistiques à l'échelle de Chambéry. 🩷"
      },        {
        "id": "30",
        "image_url": "imgs/30.webp",
        "caption": "[Annecy 🩷] Pour continuer avec la proportion de filles à l'échelle sur site d'Annecy, l'IAF a recensé le pourcentage de filles toutes spécialités confondues. L'IAF a donc récolté la valeur suivante. Le site d'Annecy est composé à 16,30% de filles, cela inclut les deux années de Peip, et les trois spécialités du site : SNI (Système Numériques Instrumentation), MM (Mécanique Mécatronique Matériaux) et IDU (Informatique Données Usages) sur les trois années de cycle ingénieur."
      },        {
        "id": "31",
        "image_url": "imgs/31.webp",
        "caption": "[Annecy 🩷] Pour commencer cette nouvelle année 2023-2024, l'IAF a voulu s'informer sur la proportion de filles au sein de l'école. Pour commencer nous nous sommes intéressé au Peip à Annecy. La Peip est le Parcours des Écoles d'Ingénieurs Polytech, formant les nouveaux bacheliers et les nouvelles bachelières sur deux ans avant de se spécialiser au sein de l'école. Nous avons alors recensé un pourcentage de 19,81% de filles sur l'ensemble des deux années. Il y a 22,41% de filles en première année de Peip et 16,98% de filles en deuxième année de Peip."
      },        {
        "id": "32",
        "image_url": "imgs/32.webp",
        "caption": "[Concours égalité] Le concours égalité du réseau Polytech revient pour une deuxième édition ! Faîtes preuve de créativité et d'imagination afin de montrer, par le biais d'une affiche ou d'une vidéo, vos convictions en faveur de l'égalité professionnelle par la féminisation des formations d'ingénieurs. Le but principal de ce concours est de montrer aux lycéennes que les formations d'ingénieurs sont accessibles à toutes en allant plus loin que les idées préconçues dans le domaine. Vous pourrez retrouver le lien ici : https://www.polytech.univ-smb.fr/actualite/participez-au-concours-national-egalite-du-reseau-polytech.html (Site de Polytech Annecy-Chambéry -> Actualités -> Vie étudiante -> Concours national égalité) Vous y retrouverez aussi le règlement du concours. Bonnes chances à toutes et à tous ! 🩷 📍: Tout le réseau Polytech ⏰: Jusqu'au 3 février 2024"
      },        {
        "id": "33",
        "image_url": "imgs/33.webp",
        "caption": "[Octobre Rose 💗] A l'occasion de la campagne annuelle Octobre Rose et de la journée mondiale contre le cancer du sein, l'IAF voulait rappeler des gestes de prévention qui peuvent permettre de prévenir le cancer du sein. Il existe différents moyens de prévenir le cancer du sein : 1. Une autopalpation régulière permet de repérer une tumeur plutôt, vous pouvez retrouver les gestes de palpation dans notre dernier post pour octobre rose. 2. A partir de 25 ans, il est recommandé de consulter son médecin ou sa sage-femme régulièrement. A partir de 50 ans, il est conseillé de se faire dépisté régulièrement. 3. Enfin, un mode de vie sain permet de prévenir du cancer du sein. Prenez soin de vous et de ceux qui vous entourent 💞"
      },        {
        "id": "34",
        "image_url": "imgs/34.webp",
        "caption": "[Journée de la femme] Aujourd'hui, nous sommes le 8 mars, journée communément appelé Journée de la femme. Non, ce n'est pas une journée où il s'agit d'être galant pour honorer les femmes. C'est une journée qui permet de promouvoir la justice et l'égalité homme-femme. Une journée pour fêter les progrès et les acquis, partager les revendications des femmes. On ne parle pas de féminisme mais d'équité. Nous vous invitons tous a prendre un moment aujourd'hui pour vous poser la question pour moi, qu'est ce que l'égalité ?, Qu'est ce que je peux faire, exceptionnellement ou au quotidien pour améliorer l'égalité homme-femme ? Bonne journée de la femme a tous et puisse votre voie être entendue ! Poly'bise de l'équipe Ingenieur-e Au Féminin 🦩"
      },        {
        "id": "35",
        "image_url": "imgs/35.webp",
        "caption": "✨[Concours réseau Polytech]✨ Bonjour à tous et à toutes, le réseau lance un concours ! Et TU peux te lancer pour représenter ton école, tenter de gagner des lots et défendre une cause juste ! Qui peut participer 👫🏻: Etudiant.e.s des écoles du réseau Polytech, Par équipe de 5 personnes maximum de la même école. Pourquoi ❔ : Sensibiliser les jeunes lycéennes qui se questionnent sur leur orientation, Les encourager à croire en leurs capacités, Leur prouver qu'elles ont accès à tous les métiers et notamment à celui d’ingénieurE. Comment participer 🔥: Réaliser un support dans la catégorie de ton choix : Affiche ou Vidéo Date de fin📆 : 13 Janvier 2023 (attention au quart d'heure savoyard) On a besoin de vous tous/toutes ! Montrons au réseau Polytech qu'à la capitale on est tous égaux🔥 Contactez nous en DM si vous êtes intéressé(e)s. Poly'bises 😘"
      },        {
        "id": "36",
        "image_url": "imgs/36.webp",
        "caption": "[💗Octobre rose💗] En ce mois de Prévention important, l'association IAF tenait à vous rappeler les bases concernant le cancer du sein. Car averti, nous pouvons tous prendre soin de soi ! Méthode d'auto palpation détaillée : 1° On se regarde dans le miroir pour observer sa poitrine. On vérifie la forme de ses seins dans deux positions. La première : les bras le long du corps puis la deuxième, les bras levés. On regarde également la peau des seins (s'il n'y a pas de rougeurs ou de lésions), l'état des deux mamelons (s'ils ne sont pas rétractés), la forme des seins (leur arrondi...) 2° On s'autopalpe debout toujours devant le miroir : la main droite palpe le sein gauche et la main gauche palpe le sein droit. Pour se faire, on utilise la pulpe des doigts (le bout des doigts) pour aplatir le sein contre le thorax, en allant de la région située sous la clavicule jusqu'en dessous du sillon sous-mammaire, de l'extérieur jusqu'au sternum, entre les deux seins. On n'oublie pas de palper la zone de la région axillaire (au niveau de l'aisselle) pour vérifier qu'il n'y a pas de boule. Prenez soin de vous 💗"
      },        {
        "id": "37",
        "image_url": "vids/2.mp4",
        "caption": "[Conférence Annecy] Merci à tous pour votre participation à la conférence Ingénieur-e au féminin lors de la Journée Portes Ouvertes à @polytech.annecy.chambery ! Et surtout un grand merci à Sandrine BEGUET et Delphine CABATON pour leur intervention🤩 Pour plus d’information rendez-vous sur les actualités du site de Polytech Annecy-Chambéry : https://www.polytech.univ-smb.fr/actualite/de-retour-de-la-conference-ingenieure-au-feminin.html"
      },        {
        "id": "38",
        "image_url": "imgs/38.jpg",
        "caption": "[Journée Internationale des Droits des Femmes] Hello ! 👋 Vous le savez sûrement déjà : aujourd'hui, c'est la Journée Internationale des Droits des Femmes🎉 C’est le moment idéal pour mettre en avant la lutte contre les inégalités femmes/hommes et, pour IAF, c’est l’occasion de promouvoir les femmes dans les études scientifiques ! 💪 Cette année le thème est « L’égalité aujourd’hui pour un avenir durable », alors qu’est-ce que ça vous inspire ?"
      },        {
        "id": "39",
        "image_url": "imgs/39.jpg",
        "caption": "🎓 Ingénieur-e au féminin, qu'est ce que c'est ? 👩‍🎓👨‍🎓 C'est une association créée à l'école d'ingénieurs Polytech Annecy-Chambéry, qui invite des lycéennes et lycéens de toute la région à oser les études scientifiques ! 🤗 Notre association fait entrer en contact des étudiantes de l'école avec des lycéennes, collégiennes mais aussi des primaires de la région ! 😊 Tu peux nous parler à l'école, via les deux portes ouvertes sur les deux sites en février, ou encore en nous envoyant un message via la page FB ou insta toute l'année ! Et pour parler encore plus au sein de l'université Savoie Mont Blanc, nous nous retrouverons au sein de conférences organisées et d'événements de qualité ! 👩‍💻"
      }
    ]
  }
  